timeStamp,elapsed,label,responseCode,responseMessage,threadName,dataType,success,failureMessage,bytes,sentBytes,grpThreads,allThreads,URL,Latency,IdleTime,Connect
1673546150774,1799,Homepage,200,OK,Thread Group 1-3,text,true,,119994,242,41,41,https://www.w3schools.com:443/,460,0,99
1673546150774,465,Homepage-0,301,Moved Permanently,Thread Group 1-3,text,true,,313,119,41,41,http://www.w3schools.com/,460,0,99
1673546151241,1332,Homepage-1,200,OK,Thread Group 1-3,text,true,,119681,123,41,41,https://www.w3schools.com:443/,846,0,754
1673546150774,1829,Homepage,200,OK,Thread Group 1-5,text,true,,119994,242,41,41,https://www.w3schools.com:443/,532,0,93
1673546150774,532,Homepage-0,301,Moved Permanently,Thread Group 1-5,text,true,,313,119,41,41,http://www.w3schools.com/,532,0,93
1673546151307,1296,Homepage-1,200,OK,Thread Group 1-5,text,true,,119681,123,41,41,https://www.w3schools.com:443/,780,0,677
1673546150920,1746,Homepage,200,OK,Thread Group 1-9,text,true,,119994,242,41,41,https://www.w3schools.com:443/,413,0,58
1673546150920,413,Homepage-0,301,Moved Permanently,Thread Group 1-9,text,true,,313,119,41,41,http://www.w3schools.com/,413,0,58
1673546151339,1327,Homepage-1,200,OK,Thread Group 1-9,text,true,,119681,123,41,41,https://www.w3schools.com:443/,757,0,678
1673546151568,1118,Homepage,200,OK,Thread Group 1-22,text,true,,119994,242,40,40,https://www.w3schools.com:443/,420,0,63
1673546151568,420,Homepage-0,301,Moved Permanently,Thread Group 1-22,text,true,,313,119,40,40,http://www.w3schools.com/,420,0,63
1673546151989,697,Homepage-1,200,OK,Thread Group 1-22,text,true,,119681,123,40,40,https://www.w3schools.com:443/,256,0,185
1673546150774,1919,Homepage,200,OK,Thread Group 1-1,text,true,,119994,242,39,39,https://www.w3schools.com:443/,528,0,93
1673546150774,528,Homepage-0,301,Moved Permanently,Thread Group 1-1,text,true,,313,119,39,39,http://www.w3schools.com/,528,0,93
1673546151303,1390,Homepage-1,200,OK,Thread Group 1-1,text,true,,119681,123,39,39,https://www.w3schools.com:443/,1014,0,695
1673546151065,1676,Homepage,200,OK,Thread Group 1-12,text,true,,119994,242,39,39,https://www.w3schools.com:443/,432,0,61
1673546151065,432,Homepage-0,301,Moved Permanently,Thread Group 1-12,text,true,,313,119,39,39,http://www.w3schools.com/,432,0,61
1673546151498,1243,Homepage-1,200,OK,Thread Group 1-12,text,true,,119681,123,39,39,https://www.w3schools.com:443/,874,0,527
1673546151365,1528,Homepage,200,OK,Thread Group 1-18,text,true,,119994,242,41,41,https://www.w3schools.com:443/,424,0,63
1673546151365,424,Homepage-0,301,Moved Permanently,Thread Group 1-18,text,true,,313,119,41,41,http://www.w3schools.com/,424,0,63
1673546151790,1103,Homepage-1,200,OK,Thread Group 1-18,text,true,,119681,123,41,41,https://www.w3schools.com:443/,640,0,340
1673546151521,1466,Homepage,200,OK,Thread Group 1-21,text,true,,119994,242,42,42,https://www.w3schools.com:443/,421,0,58
1673546151521,421,Homepage-0,301,Moved Permanently,Thread Group 1-21,text,true,,313,119,42,42,http://www.w3schools.com/,421,0,58
1673546151942,1045,Homepage-1,200,OK,Thread Group 1-21,text,true,,119681,123,42,42,https://www.w3schools.com:443/,417,0,162
1673546150774,2288,Homepage,200,OK,Thread Group 1-2,text,true,,119994,242,43,43,https://www.w3schools.com:443/,1533,0,1121
1673546150774,1533,Homepage-0,301,Moved Permanently,Thread Group 1-2,text,true,,313,119,43,43,http://www.w3schools.com/,1533,0,1121
1673546152308,754,Homepage-1,200,OK,Thread Group 1-2,text,true,,119681,123,43,43,https://www.w3schools.com:443/,395,0,170
1673546150967,2126,Homepage,200,OK,Thread Group 1-10,text,true,,119994,242,42,42,https://www.w3schools.com:443/,407,0,56
1673546150967,407,Homepage-0,301,Moved Permanently,Thread Group 1-10,text,true,,313,119,42,42,http://www.w3schools.com/,407,0,56
1673546151375,1718,Homepage-1,200,OK,Thread Group 1-10,text,true,,119681,123,42,42,https://www.w3schools.com:443/,1253,0,690
1673546151016,2272,Homepage,200,OK,Thread Group 1-11,text,true,,119994,242,45,45,https://www.w3schools.com:443/,416,0,62
1673546151016,416,Homepage-0,301,Moved Permanently,Thread Group 1-11,text,true,,313,119,45,45,http://www.w3schools.com/,416,0,62
1673546151433,1855,Homepage-1,200,OK,Thread Group 1-11,text,true,,119681,123,45,45,https://www.w3schools.com:443/,648,0,538
1673546150774,2586,Homepage,200,OK,Thread Group 1-6,text,true,,119994,242,46,46,https://www.w3schools.com:443/,460,0,100
1673546150774,465,Homepage-0,301,Moved Permanently,Thread Group 1-6,text,true,,313,119,46,46,http://www.w3schools.com/,460,0,100
1673546151241,2119,Homepage-1,200,OK,Thread Group 1-6,text,true,,119681,123,46,46,https://www.w3schools.com:443/,868,0,784
1673546151471,2013,Homepage,200,OK,Thread Group 1-20,text,true,,119994,242,47,47,https://www.w3schools.com:443/,423,0,60
1673546151471,423,Homepage-0,301,Moved Permanently,Thread Group 1-20,text,true,,313,119,47,47,http://www.w3schools.com/,423,0,60
1673546151895,1589,Homepage-1,200,OK,Thread Group 1-20,text,true,,119681,123,47,47,https://www.w3schools.com:443/,634,0,176
1673546152141,1439,Homepage,200,OK,Thread Group 1-28,text,true,,119994,242,48,48,https://www.w3schools.com:443/,449,0,83
1673546152141,449,Homepage-0,301,Moved Permanently,Thread Group 1-28,text,true,,313,119,48,48,http://www.w3schools.com/,449,0,83
1673546152591,989,Homepage-1,200,OK,Thread Group 1-28,text,true,,119681,123,48,48,https://www.w3schools.com:443/,472,0,201
1673546152461,1306,Homepage,200,OK,Thread Group 1-39,text,true,,119994,242,51,51,https://www.w3schools.com:443/,457,0,81
1673546152461,457,Homepage-0,301,Moved Permanently,Thread Group 1-39,text,true,,313,119,51,51,http://www.w3schools.com/,457,0,81
1673546152919,848,Homepage-1,200,OK,Thread Group 1-39,text,true,,119681,123,51,51,https://www.w3schools.com:443/,411,0,168
1673546151116,2701,Homepage,200,OK,Thread Group 1-13,text,true,,119994,242,51,51,https://www.w3schools.com:443/,617,0,51
1673546151116,617,Homepage-0,301,Moved Permanently,Thread Group 1-13,text,true,,313,119,51,51,http://www.w3schools.com/,617,0,51
1673546151734,2083,Homepage-1,200,OK,Thread Group 1-13,text,true,,119681,123,51,51,https://www.w3schools.com:443/,370,0,279
1673546151833,2113,Homepage,200,OK,Thread Group 1-26,text,true,,119994,242,53,53,https://www.w3schools.com:443/,469,0,86
1673546151833,469,Homepage-0,301,Moved Permanently,Thread Group 1-26,text,true,,313,119,53,53,http://www.w3schools.com/,469,0,86
1673546152303,1643,Homepage-1,200,OK,Thread Group 1-26,text,true,,119681,123,53,53,https://www.w3schools.com:443/,861,0,646
1673546152153,1989,Homepage,200,OK,Thread Group 1-33,text,true,,119994,242,56,56,https://www.w3schools.com:443/,450,0,80
1673546152153,450,Homepage-0,301,Moved Permanently,Thread Group 1-33,text,true,,313,119,56,56,http://www.w3schools.com/,450,0,80
1673546152604,1538,Homepage-1,200,OK,Thread Group 1-33,text,true,,119681,123,56,56,https://www.w3schools.com:443/,514,0,197
1673546152552,1591,Homepage,200,OK,Thread Group 1-41,text,true,,119994,242,56,56,https://www.w3schools.com:443/,465,0,88
1673546152552,465,Homepage-0,301,Moved Permanently,Thread Group 1-41,text,true,,313,119,56,56,http://www.w3schools.com/,465,0,88
1673546153018,1125,Homepage-1,200,OK,Thread Group 1-41,text,true,,119681,123,56,56,https://www.w3schools.com:443/,473,0,172
1673546152411,1823,Homepage,200,OK,Thread Group 1-38,text,true,,119994,242,56,56,https://www.w3schools.com:443/,452,0,79
1673546152411,452,Homepage-0,301,Moved Permanently,Thread Group 1-38,text,true,,313,119,56,56,http://www.w3schools.com/,452,0,79
1673546152864,1370,Homepage-1,200,OK,Thread Group 1-38,text,true,,119681,123,56,56,https://www.w3schools.com:443/,270,0,179
1673546151165,3072,Homepage,200,OK,Thread Group 1-14,text,true,,119994,242,55,55,https://www.w3schools.com:443/,415,0,58
1673546151165,415,Homepage-0,301,Moved Permanently,Thread Group 1-14,text,true,,313,119,55,55,http://www.w3schools.com/,415,0,58
1673546151581,2656,Homepage-1,200,OK,Thread Group 1-14,text,true,,119681,123,55,55,https://www.w3schools.com:443/,497,0,392
1673546152749,1566,Homepage,200,OK,Thread Group 1-45,text,true,,119994,242,55,55,https://www.w3schools.com:443/,467,0,86
1673546152749,467,Homepage-0,301,Moved Permanently,Thread Group 1-45,text,true,,313,119,55,55,http://www.w3schools.com/,467,0,86
1673546153217,1098,Homepage-1,200,OK,Thread Group 1-45,text,true,,119681,123,55,55,https://www.w3schools.com:443/,252,0,168
1673546152656,1668,Homepage,200,OK,Thread Group 1-43,text,true,,119994,242,54,54,https://www.w3schools.com:443/,450,0,79
1673546152656,450,Homepage-0,301,Moved Permanently,Thread Group 1-43,text,true,,313,119,54,54,http://www.w3schools.com/,450,0,79
1673546153107,1217,Homepage-1,200,OK,Thread Group 1-43,text,true,,119681,123,54,54,https://www.w3schools.com:443/,527,0,169
1673546152149,2191,Homepage,200,OK,Thread Group 1-31,text,true,,119994,242,54,54,https://www.w3schools.com:443/,442,0,80
1673546152149,442,Homepage-0,301,Moved Permanently,Thread Group 1-31,text,true,,313,119,54,54,http://www.w3schools.com/,442,0,80
1673546152592,1748,Homepage-1,200,OK,Thread Group 1-31,text,true,,119681,123,54,54,https://www.w3schools.com:443/,559,0,181
1673546151661,2680,Homepage,200,OK,Thread Group 1-24,text,true,,119994,242,54,54,https://www.w3schools.com:443/,539,0,66
1673546151661,539,Homepage-0,301,Moved Permanently,Thread Group 1-24,text,true,,313,119,54,54,http://www.w3schools.com/,539,0,66
1673546152202,2139,Homepage-1,200,OK,Thread Group 1-24,text,true,,119681,123,54,54,https://www.w3schools.com:443/,643,0,560
1673546151217,3373,Homepage,200,OK,Thread Group 1-15,text,true,,119994,242,57,57,https://www.w3schools.com:443/,414,0,55
1673546151217,414,Homepage-0,301,Moved Permanently,Thread Group 1-15,text,true,,313,119,57,57,http://www.w3schools.com/,414,0,55
1673546151632,2958,Homepage-1,200,OK,Thread Group 1-15,text,true,,119681,123,57,57,https://www.w3schools.com:443/,921,0,420
1673546151619,3049,Homepage,200,OK,Thread Group 1-23,text,true,,119994,242,57,57,https://www.w3schools.com:443/,399,0,54
1673546151619,399,Homepage-0,301,Moved Permanently,Thread Group 1-23,text,true,,313,119,57,57,http://www.w3schools.com/,399,0,54
1673546152018,2650,Homepage-1,200,OK,Thread Group 1-23,text,true,,119681,123,57,57,https://www.w3schools.com:443/,928,0,578
1673546151715,2986,Homepage,200,OK,Thread Group 1-25,text,true,,119994,242,57,57,https://www.w3schools.com:443/,455,0,72
1673546151715,456,Homepage-0,301,Moved Permanently,Thread Group 1-25,text,true,,313,119,57,57,http://www.w3schools.com/,455,0,72
1673546152171,2530,Homepage-1,200,OK,Thread Group 1-25,text,true,,119681,123,57,57,https://www.w3schools.com:443/,683,0,490
1673546152805,1939,Homepage,200,OK,Thread Group 1-46,text,true,,119994,242,57,57,https://www.w3schools.com:443/,550,0,86
1673546152805,550,Homepage-0,301,Moved Permanently,Thread Group 1-46,text,true,,313,119,57,57,http://www.w3schools.com/,550,0,86
1673546153355,1389,Homepage-1,200,OK,Thread Group 1-46,text,true,,119681,123,57,57,https://www.w3schools.com:443/,597,0,336
1673546153534,1214,Homepage,200,OK,Thread Group 1-61,text,true,,119994,242,56,56,https://www.w3schools.com:443/,460,0,86
1673546153534,460,Homepage-0,301,Moved Permanently,Thread Group 1-61,text,true,,313,119,56,56,http://www.w3schools.com/,460,0,86
1673546153995,753,Homepage-1,200,OK,Thread Group 1-61,text,true,,119681,123,56,56,https://www.w3schools.com:443/,399,0,161
1673546152232,2546,Homepage,200,OK,Thread Group 1-35,text,true,,119994,242,56,56,https://www.w3schools.com:443/,466,0,93
1673546152232,466,Homepage-0,301,Moved Permanently,Thread Group 1-35,text,true,,313,119,56,56,http://www.w3schools.com/,466,0,93
1673546152700,2078,Homepage-1,200,OK,Thread Group 1-35,text,true,,119681,123,56,56,https://www.w3schools.com:443/,1169,0,562
1673546153633,1191,Homepage,200,OK,Thread Group 1-63,text,true,,119994,242,56,56,https://www.w3schools.com:443/,472,0,93
1673546153633,473,Homepage-0,301,Moved Permanently,Thread Group 1-63,text,true,,313,119,56,56,http://www.w3schools.com/,472,0,93
1673546154106,718,Homepage-1,200,OK,Thread Group 1-63,text,true,,119681,123,56,56,https://www.w3schools.com:443/,250,0,170
1673546152143,2753,Homepage,200,OK,Thread Group 1-29,text,true,,119994,242,56,56,https://www.w3schools.com:443/,538,0,81
1673546152143,538,Homepage-0,301,Moved Permanently,Thread Group 1-29,text,true,,313,119,56,56,http://www.w3schools.com/,538,0,81
1673546152683,2213,Homepage-1,200,OK,Thread Group 1-29,text,true,,119681,123,56,56,https://www.w3schools.com:443/,872,0,205
1673546151945,2983,Homepage,200,OK,Thread Group 1-27,text,true,,119994,242,56,56,https://www.w3schools.com:443/,451,0,72
1673546151945,451,Homepage-0,301,Moved Permanently,Thread Group 1-27,text,true,,313,119,56,56,http://www.w3schools.com/,451,0,72
1673546152397,2531,Homepage-1,200,OK,Thread Group 1-27,text,true,,119681,123,56,56,https://www.w3schools.com:443/,1496,0,1162
1673546153009,1990,Homepage,200,OK,Thread Group 1-50,text,true,,119994,242,56,56,https://www.w3schools.com:443/,771,0,70
1673546153009,771,Homepage-0,301,Moved Permanently,Thread Group 1-50,text,true,,313,119,56,56,http://www.w3schools.com/,771,0,70
1673546153781,1218,Homepage-1,200,OK,Thread Group 1-50,text,true,,119681,123,56,56,https://www.w3schools.com:443/,495,0,310
1673546153830,1267,Homepage,200,OK,Thread Group 1-67,text,true,,119994,242,57,57,https://www.w3schools.com:443/,491,0,102
1673546153830,491,Homepage-0,301,Moved Permanently,Thread Group 1-67,text,true,,313,119,57,57,http://www.w3schools.com/,491,0,102
1673546154322,775,Homepage-1,200,OK,Thread Group 1-67,text,true,,119681,123,57,57,https://www.w3schools.com:443/,431,0,186
1673546153051,2223,Homepage,200,OK,Thread Group 1-51,text,true,,119994,242,60,60,https://www.w3schools.com:443/,1441,0,1064
1673546153051,1441,Homepage-0,301,Moved Permanently,Thread Group 1-51,text,true,,313,119,60,60,http://www.w3schools.com/,1441,0,1064
1673546154493,781,Homepage-1,200,OK,Thread Group 1-51,text,true,,119681,123,60,60,https://www.w3schools.com:443/,404,0,184
1673546152601,2684,Homepage,200,OK,Thread Group 1-42,text,true,,119994,242,59,59,https://www.w3schools.com:443/,682,0,91
1673546152601,683,Homepage-0,301,Moved Permanently,Thread Group 1-42,text,true,,313,119,59,59,http://www.w3schools.com/,682,0,91
1673546153285,2000,Homepage-1,200,OK,Thread Group 1-42,text,true,,119681,123,59,59,https://www.w3schools.com:443/,1531,0,1174
1673546153676,1781,Homepage,200,OK,Thread Group 1-64,text,true,,119994,242,61,61,https://www.w3schools.com:443/,510,0,101
1673546153676,510,Homepage-0,301,Moved Permanently,Thread Group 1-64,text,true,,313,119,61,61,http://www.w3schools.com/,510,0,101
1673546154187,1270,Homepage-1,200,OK,Thread Group 1-64,text,true,,119681,123,61,61,https://www.w3schools.com:443/,550,0,165
1673546152510,3033,Homepage,200,OK,Thread Group 1-40,text,true,,119994,242,62,62,https://www.w3schools.com:443/,439,0,76
1673546152510,439,Homepage-0,301,Moved Permanently,Thread Group 1-40,text,true,,313,119,62,62,http://www.w3schools.com/,439,0,76
1673546152950,2593,Homepage-1,200,OK,Thread Group 1-40,text,true,,119681,123,62,62,https://www.w3schools.com:443/,703,0,163
1673546153350,2394,Homepage,200,OK,Thread Group 1-57,text,true,,119994,242,65,65,https://www.w3schools.com:443/,475,0,85
1673546153350,475,Homepage-0,301,Moved Permanently,Thread Group 1-57,text,true,,313,119,65,65,http://www.w3schools.com/,475,0,85
1673546153825,1919,Homepage-1,200,OK,Thread Group 1-57,text,true,,119681,123,65,65,https://www.w3schools.com:443/,565,0,314
1673546152154,3712,Homepage,200,OK,Thread Group 1-32,text,true,,119994,242,66,66,https://www.w3schools.com:443/,546,0,79
1673546152154,546,Homepage-0,301,Moved Permanently,Thread Group 1-32,text,true,,313,119,66,66,http://www.w3schools.com/,546,0,79
1673546152702,3164,Homepage-1,200,OK,Thread Group 1-32,text,true,,119681,123,66,66,https://www.w3schools.com:443/,1253,0,807
1673546150817,5158,Homepage,200,OK,Thread Group 1-7,text,true,,119994,242,68,68,https://www.w3schools.com:443/,481,0,52
1673546150817,481,Homepage-0,301,Moved Permanently,Thread Group 1-7,text,true,,313,119,68,68,http://www.w3schools.com/,481,0,52
1673546151299,4676,Homepage-1,200,OK,Thread Group 1-7,text,true,,119681,123,68,68,https://www.w3schools.com:443/,789,0,705
1673546153583,2493,Homepage,200,OK,Thread Group 1-62,text,true,,119994,242,68,68,https://www.w3schools.com:443/,1465,0,1084
1673546153583,1465,Homepage-0,301,Moved Permanently,Thread Group 1-62,text,true,,313,119,68,68,http://www.w3schools.com/,1465,0,1084
1673546152298,3778,Homepage,200,OK,Thread Group 1-36,text,true,,119994,242,68,68,https://www.w3schools.com:443/,476,0,91
1673546155049,1027,Homepage-1,200,OK,Thread Group 1-62,text,true,,119681,123,68,68,https://www.w3schools.com:443/,275,0,186
1673546152298,476,Homepage-0,301,Moved Permanently,Thread Group 1-36,text,true,,313,119,68,68,http://www.w3schools.com/,476,0,91
1673546152775,3301,Homepage-1,200,OK,Thread Group 1-36,text,true,,119681,123,68,68,https://www.w3schools.com:443/,856,0,542
1673546154227,1898,Homepage,200,OK,Thread Group 1-75,text,true,,119994,242,68,68,https://www.w3schools.com:443/,462,0,83
1673546154227,462,Homepage-0,301,Moved Permanently,Thread Group 1-75,text,true,,313,119,68,68,http://www.w3schools.com/,462,0,83
1673546154690,1435,Homepage-1,200,OK,Thread Group 1-75,text,true,,119681,123,68,68,https://www.w3schools.com:443/,403,0,168
1673546153400,2754,Homepage,200,OK,Thread Group 1-58,text,true,,119994,242,67,67,https://www.w3schools.com:443/,454,0,76
1673546153400,454,Homepage-0,301,Moved Permanently,Thread Group 1-58,text,true,,313,119,67,67,http://www.w3schools.com/,454,0,76
1673546153855,2299,Homepage-1,200,OK,Thread Group 1-58,text,true,,119681,123,67,67,https://www.w3schools.com:443/,1614,0,1198
1673546153930,2418,Homepage,200,OK,Thread Group 1-69,text,true,,119994,242,70,70,https://www.w3schools.com:443/,1451,0,1078
1673546153930,1451,Homepage-0,301,Moved Permanently,Thread Group 1-69,text,true,,313,119,70,70,http://www.w3schools.com/,1451,0,1078
1673546155382,966,Homepage-1,200,OK,Thread Group 1-69,text,true,,119681,123,70,70,https://www.w3schools.com:443/,538,0,192
1673546154476,2301,Homepage,200,OK,Thread Group 1-80,text,true,,119994,242,78,78,https://www.w3schools.com:443/,678,0,77
1673546154476,678,Homepage-0,301,Moved Permanently,Thread Group 1-80,text,true,,313,119,78,78,http://www.w3schools.com/,678,0,77
1673546155154,1623,Homepage-1,200,OK,Thread Group 1-80,text,true,,119681,123,78,78,https://www.w3schools.com:443/,589,0,193
1673546155215,1662,Homepage,200,OK,Thread Group 1-95,text,true,,119994,242,79,79,https://www.w3schools.com:443/,461,0,83
1673546155215,461,Homepage-0,301,Moved Permanently,Thread Group 1-95,text,true,,313,119,79,79,http://www.w3schools.com/,461,0,83
1673546155678,1199,Homepage-1,200,OK,Thread Group 1-95,text,true,,119681,123,79,79,https://www.w3schools.com:443/,482,0,173
1673546155464,1685,Homepage,200,OK,Thread Group 1-100,text,true,,119994,242,83,83,https://www.w3schools.com:443/,471,0,83
1673546155464,471,Homepage-0,301,Moved Permanently,Thread Group 1-100,text,true,,313,119,83,83,http://www.w3schools.com/,471,0,83
1673546155937,1212,Homepage-1,200,OK,Thread Group 1-100,text,true,,119681,123,83,83,https://www.w3schools.com:443/,394,0,183
1673546155767,1403,Homepage,200,OK,Thread Group 1-106,text,true,,119994,242,83,83,https://www.w3schools.com:443/,476,0,87
1673546155767,476,Homepage-0,301,Moved Permanently,Thread Group 1-106,text,true,,313,119,83,83,http://www.w3schools.com/,476,0,87
1673546156244,926,Homepage-1,200,OK,Thread Group 1-106,text,true,,119681,123,83,83,https://www.w3schools.com:443/,423,0,176
1673546155570,1604,Homepage,200,OK,Thread Group 1-102,text,true,,119994,242,82,82,https://www.w3schools.com:443/,467,0,81
1673546155570,467,Homepage-0,301,Moved Permanently,Thread Group 1-102,text,true,,313,119,82,82,http://www.w3schools.com/,467,0,81
1673546156038,1136,Homepage-1,200,OK,Thread Group 1-102,text,true,,119681,123,82,82,https://www.w3schools.com:443/,891,0,162
1673546155067,2191,Homepage,200,OK,Thread Group 1-92,text,true,,119994,242,82,82,https://www.w3schools.com:443/,458,0,83
1673546155067,458,Homepage-0,301,Moved Permanently,Thread Group 1-92,text,true,,313,119,82,82,http://www.w3schools.com/,458,0,83
1673546155526,1732,Homepage-1,200,OK,Thread Group 1-92,text,true,,119681,123,82,82,https://www.w3schools.com:443/,721,0,199
1673546155613,1683,Homepage,200,OK,Thread Group 1-103,text,true,,119994,242,82,82,https://www.w3schools.com:443/,463,0,80
1673546155613,463,Homepage-0,301,Moved Permanently,Thread Group 1-103,text,true,,313,119,82,82,http://www.w3schools.com/,463,0,80
1673546156078,1218,Homepage-1,200,OK,Thread Group 1-103,text,true,,119681,123,82,82,https://www.w3schools.com:443/,794,0,592
1673546152848,4537,Homepage,200,OK,Thread Group 1-47,text,true,,119994,242,82,82,https://www.w3schools.com:443/,802,0,85
1673546152848,802,Homepage-0,301,Moved Permanently,Thread Group 1-47,text,true,,313,119,82,82,http://www.w3schools.com/,802,0,85
1673546153651,3734,Homepage-1,200,OK,Thread Group 1-47,text,true,,119681,123,82,82,https://www.w3schools.com:443/,1246,0,857
1673546153301,4230,Homepage,200,OK,Thread Group 1-56,text,true,,119994,242,85,85,https://www.w3schools.com:443/,450,0,73
1673546153301,450,Homepage-0,301,Moved Permanently,Thread Group 1-56,text,true,,313,119,85,85,http://www.w3schools.com/,450,0,73
1673546153752,3779,Homepage-1,200,OK,Thread Group 1-56,text,true,,119681,123,85,85,https://www.w3schools.com:443/,1786,0,1309
1673546154030,3516,Homepage,200,OK,Thread Group 1-71,text,true,,119994,242,84,84,https://www.w3schools.com:443/,455,0,75
1673546154030,455,Homepage-0,301,Moved Permanently,Thread Group 1-71,text,true,,313,119,84,84,http://www.w3schools.com/,455,0,75
1673546154486,3060,Homepage-1,200,OK,Thread Group 1-71,text,true,,119681,123,84,84,https://www.w3schools.com:443/,960,0,569
1673546155017,2575,Homepage,200,OK,Thread Group 1-91,text,true,,119994,242,84,84,https://www.w3schools.com:443/,807,0,73
1673546155017,807,Homepage-0,301,Moved Permanently,Thread Group 1-91,text,true,,313,119,84,84,http://www.w3schools.com/,807,0,73
1673546155826,1766,Homepage-1,200,OK,Thread Group 1-91,text,true,,119681,123,84,84,https://www.w3schools.com:443/,637,0,181
1673546154619,3002,Homepage,200,OK,Thread Group 1-83,text,true,,119994,242,83,83,https://www.w3schools.com:443/,461,0,87
1673546154619,461,Homepage-0,301,Moved Permanently,Thread Group 1-83,text,true,,313,119,83,83,http://www.w3schools.com/,461,0,87
1673546155081,2540,Homepage-1,200,OK,Thread Group 1-83,text,true,,119681,123,83,83,https://www.w3schools.com:443/,566,0,178
1673546155876,1796,Homepage,200,OK,Thread Group 1-108,text,true,,119994,242,83,83,https://www.w3schools.com:443/,472,0,79
1673546155876,472,Homepage-0,301,Moved Permanently,Thread Group 1-108,text,true,,313,119,83,83,http://www.w3schools.com/,472,0,79
1673546156350,1322,Homepage-1,200,OK,Thread Group 1-108,text,true,,119681,123,83,83,https://www.w3schools.com:443/,498,0,297
1673546153486,4339,Homepage,200,OK,Thread Group 1-60,text,true,,119994,242,84,84,https://www.w3schools.com:443/,2489,0,2104
1673546153486,2489,Homepage-0,301,Moved Permanently,Thread Group 1-60,text,true,,313,119,84,84,http://www.w3schools.com/,2489,0,2104
1673546155977,1848,Homepage-1,200,OK,Thread Group 1-60,text,true,,119681,123,84,84,https://www.w3schools.com:443/,691,0,167
1673546154073,3765,Homepage,200,OK,Thread Group 1-72,text,true,,119994,242,84,84,https://www.w3schools.com:443/,442,0,70
1673546154073,442,Homepage-0,301,Moved Permanently,Thread Group 1-72,text,true,,313,119,84,84,http://www.w3schools.com/,442,0,70
1673546154516,3322,Homepage-1,200,OK,Thread Group 1-72,text,true,,119681,123,84,84,https://www.w3schools.com:443/,581,0,181
1673546156622,1260,Homepage,200,OK,Thread Group 1-123,text,true,,119994,242,84,84,https://www.w3schools.com:443/,452,0,75
1673546156622,453,Homepage-0,301,Moved Permanently,Thread Group 1-123,text,true,,313,119,84,84,http://www.w3schools.com/,452,0,75
1673546157075,807,Homepage-1,200,OK,Thread Group 1-123,text,true,,119681,123,84,84,https://www.w3schools.com:443/,442,0,189
1673546152900,4985,Homepage,200,OK,Thread Group 1-48,text,true,,119994,242,83,83,https://www.w3schools.com:443/,530,0,78
1673546152900,531,Homepage-0,301,Moved Permanently,Thread Group 1-48,text,true,,313,119,83,83,http://www.w3schools.com/,530,0,78
1673546153432,4453,Homepage-1,200,OK,Thread Group 1-48,text,true,,119681,123,83,83,https://www.w3schools.com:443/,775,0,162
1673546153726,4235,Homepage,200,OK,Thread Group 1-65,text,true,,119994,242,83,83,https://www.w3schools.com:443/,882,0,98
1673546153726,882,Homepage-0,301,Moved Permanently,Thread Group 1-65,text,true,,313,119,83,83,http://www.w3schools.com/,882,0,98
1673546154609,3352,Homepage-1,200,OK,Thread Group 1-65,text,true,,119681,123,83,83,https://www.w3schools.com:443/,449,0,172
1673546154278,3726,Homepage,200,OK,Thread Group 1-76,text,true,,119994,242,83,83,https://www.w3schools.com:443/,649,0,69
1673546154278,649,Homepage-0,301,Moved Permanently,Thread Group 1-76,text,true,,313,119,83,83,http://www.w3schools.com/,649,0,69
1673546154928,3076,Homepage-1,200,OK,Thread Group 1-76,text,true,,119681,123,83,83,https://www.w3schools.com:443/,1058,0,164
1673546156721,1403,Homepage,200,OK,Thread Group 1-125,text,true,,119994,242,85,85,https://www.w3schools.com:443/,452,0,80
1673546156721,452,Homepage-0,301,Moved Permanently,Thread Group 1-125,text,true,,313,119,85,85,http://www.w3schools.com/,452,0,80
1673546157174,950,Homepage-1,200,OK,Thread Group 1-125,text,true,,119681,123,85,85,https://www.w3schools.com:443/,464,0,192
1673546153429,4725,Homepage,200,OK,Thread Group 1-59,text,true,,119994,242,85,85,https://www.w3schools.com:443/,447,0,75
1673546153429,447,Homepage-0,301,Moved Permanently,Thread Group 1-59,text,true,,313,119,85,85,http://www.w3schools.com/,447,0,75
1673546153877,4277,Homepage-1,200,OK,Thread Group 1-59,text,true,,119681,123,85,85,https://www.w3schools.com:443/,2075,0,1192
1673546153776,4579,Homepage,200,OK,Thread Group 1-66,text,true,,119994,242,87,87,https://www.w3schools.com:443/,489,0,98
1673546153776,489,Homepage-0,301,Moved Permanently,Thread Group 1-66,text,true,,313,119,87,87,http://www.w3schools.com/,489,0,98
1673546154266,4089,Homepage-1,200,OK,Thread Group 1-66,text,true,,119681,123,87,87,https://www.w3schools.com:443/,914,0,555
1673546154669,3945,Homepage,200,OK,Thread Group 1-84,text,true,,119994,242,92,92,https://www.w3schools.com:443/,680,0,74
1673546154669,680,Homepage-0,301,Moved Permanently,Thread Group 1-84,text,true,,313,119,92,92,http://www.w3schools.com/,680,0,74
1673546155350,3264,Homepage-1,200,OK,Thread Group 1-84,text,true,,119681,123,92,92,https://www.w3schools.com:443/,970,0,174
1673546155369,3648,Homepage,200,OK,Thread Group 1-98,text,true,,119994,242,99,99,https://www.w3schools.com:443/,1478,0,1093
1673546155369,1478,Homepage-0,301,Moved Permanently,Thread Group 1-98,text,true,,313,119,99,99,http://www.w3schools.com/,1478,0,1093
1673546156849,2168,Homepage-1,200,OK,Thread Group 1-98,text,true,,119681,123,99,99,https://www.w3schools.com:443/,853,0,154
1673546156322,2721,Homepage,200,OK,Thread Group 1-117,text,true,,119994,242,98,98,https://www.w3schools.com:443/,461,0,84
1673546156322,462,Homepage-0,301,Moved Permanently,Thread Group 1-117,text,true,,313,119,98,98,http://www.w3schools.com/,461,0,84
1673546156784,2259,Homepage-1,200,OK,Thread Group 1-117,text,true,,119681,123,98,98,https://www.w3schools.com:443/,534,0,181
1673546156967,2186,Homepage,200,OK,Thread Group 1-130,text,true,,119994,242,100,100,https://www.w3schools.com:443/,456,0,82
1673546156967,456,Homepage-0,301,Moved Permanently,Thread Group 1-130,text,true,,313,119,100,100,http://www.w3schools.com/,456,0,82
1673546157425,1728,Homepage-1,200,OK,Thread Group 1-130,text,true,,119681,123,100,100,https://www.w3schools.com:443/,489,0,188
1673546157166,2029,Homepage,200,OK,Thread Group 1-134,text,true,,119994,242,99,99,https://www.w3schools.com:443/,456,0,91
1673546157166,456,Homepage-0,301,Moved Permanently,Thread Group 1-134,text,true,,313,119,99,99,http://www.w3schools.com/,456,0,91
1673546157622,1573,Homepage-1,200,OK,Thread Group 1-134,text,true,,119681,123,99,99,https://www.w3schools.com:443/,589,0,194
1673546156079,3291,Homepage,200,OK,Thread Group 1-112,text,true,,119994,242,102,102,https://www.w3schools.com:443/,1297,0,84
1673546156079,1297,Homepage-0,301,Moved Permanently,Thread Group 1-112,text,true,,313,119,102,102,http://www.w3schools.com/,1297,0,84
1673546157378,1992,Homepage-1,200,OK,Thread Group 1-112,text,true,,119681,123,102,102,https://www.w3schools.com:443/,461,0,194
1673546155714,3669,Homepage,200,OK,Thread Group 1-105,text,true,,119994,242,101,101,https://www.w3schools.com:443/,469,0,95
1673546155714,469,Homepage-0,301,Moved Permanently,Thread Group 1-105,text,true,,313,119,101,101,http://www.w3schools.com/,469,0,95
1673546156183,3200,Homepage-1,200,OK,Thread Group 1-105,text,true,,119681,123,101,101,https://www.w3schools.com:443/,1113,0,555
1673546157499,1899,Homepage,200,OK,Thread Group 1-140,text,true,,119994,242,101,101,https://www.w3schools.com:443/,484,0,94
1673546157499,484,Homepage-0,301,Moved Permanently,Thread Group 1-140,text,true,,313,119,101,101,http://www.w3schools.com/,484,0,94
1673546157984,1414,Homepage-1,200,OK,Thread Group 1-140,text,true,,119681,123,101,101,https://www.w3schools.com:443/,563,0,203
1673546153201,6339,Homepage,200,OK,Thread Group 1-54,text,true,,119994,242,102,102,https://www.w3schools.com:443/,476,0,87
1673546153201,476,Homepage-0,301,Moved Permanently,Thread Group 1-54,text,true,,313,119,102,102,http://www.w3schools.com/,476,0,87
1673546153678,5862,Homepage-1,200,OK,Thread Group 1-54,text,true,,119681,123,102,102,https://www.w3schools.com:443/,2375,0,1332
1673546156572,2980,Homepage,200,OK,Thread Group 1-122,text,true,,119994,242,102,102,https://www.w3schools.com:443/,478,0,95
1673546156572,478,Homepage-0,301,Moved Permanently,Thread Group 1-122,text,true,,313,119,102,102,http://www.w3schools.com/,478,0,95
1673546157357,2195,Homepage,200,OK,Thread Group 1-137,text,true,,119994,242,102,102,https://www.w3schools.com:443/,1479,0,1101
1673546157357,1479,Homepage-0,301,Moved Permanently,Thread Group 1-137,text,true,,313,119,102,102,http://www.w3schools.com/,1479,0,1101
1673546158837,715,Homepage-1,200,OK,Thread Group 1-137,text,true,,119681,123,102,102,https://www.w3schools.com:443/,494,0,174
1673546157050,2502,Homepage-1,200,OK,Thread Group 1-122,text,true,,119681,123,102,102,https://www.w3schools.com:443/,1482,0,1200
1673546157966,1709,Homepage,200,OK,Thread Group 1-149,text,true,,119994,242,102,102,https://www.w3schools.com:443/,1112,0,97
1673546157966,1112,Homepage-0,301,Moved Permanently,Thread Group 1-149,text,true,,313,119,102,102,http://www.w3schools.com/,1112,0,97
1673546159078,597,Homepage-1,200,OK,Thread Group 1-149,text,true,,119681,123,102,102,https://www.w3schools.com:443/,403,0,183
1673546154178,5554,Homepage,200,OK,Thread Group 1-74,text,true,,119994,242,102,102,https://www.w3schools.com:443/,462,0,83
1673546154178,462,Homepage-0,301,Moved Permanently,Thread Group 1-74,text,true,,313,119,102,102,http://www.w3schools.com/,462,0,83
1673546154641,5091,Homepage-1,200,OK,Thread Group 1-74,text,true,,119681,123,102,102,https://www.w3schools.com:443/,1263,0,521
1673546156523,3228,Homepage,200,OK,Thread Group 1-121,text,true,,119994,242,102,102,https://www.w3schools.com:443/,1482,0,1098
1673546156523,1482,Homepage-0,301,Moved Permanently,Thread Group 1-121,text,true,,313,119,102,102,http://www.w3schools.com/,1482,0,1098
1673546158006,1745,Homepage-1,200,OK,Thread Group 1-121,text,true,,119681,123,102,102,https://www.w3schools.com:443/,509,0,196
1673546154377,5503,Homepage,200,OK,Thread Group 1-78,text,true,,119994,242,103,103,https://www.w3schools.com:443/,460,0,86
1673546154377,460,Homepage-0,301,Moved Permanently,Thread Group 1-78,text,true,,313,119,103,103,http://www.w3schools.com/,460,0,86
1673546154838,5042,Homepage-1,200,OK,Thread Group 1-78,text,true,,119681,123,103,103,https://www.w3schools.com:443/,647,0,254
1673546156469,3425,Homepage,200,OK,Thread Group 1-120,text,true,,119994,242,102,102,https://www.w3schools.com:443/,822,0,83
1673546156469,822,Homepage-0,301,Moved Permanently,Thread Group 1-120,text,true,,313,119,102,102,http://www.w3schools.com/,822,0,83
1673546157291,2603,Homepage-1,200,OK,Thread Group 1-120,text,true,,119681,123,102,102,https://www.w3schools.com:443/,656,0,205
1673546157223,2739,Homepage,200,OK,Thread Group 1-135,text,true,,119994,242,103,103,https://www.w3schools.com:443/,1778,0,1113
1673546157223,1778,Homepage-0,301,Moved Permanently,Thread Group 1-135,text,true,,313,119,103,103,http://www.w3schools.com/,1778,0,1113
1673546159001,961,Homepage-1,200,OK,Thread Group 1-135,text,true,,119681,123,103,103,https://www.w3schools.com:443/,397,0,160
1673546157433,2553,Homepage,200,OK,Thread Group 1-139,text,true,,119994,242,102,102,https://www.w3schools.com:443/,453,0,85
1673546157433,453,Homepage-0,301,Moved Permanently,Thread Group 1-139,text,true,,313,119,102,102,http://www.w3schools.com/,453,0,85
1673546157887,2099,Homepage-1,200,OK,Thread Group 1-139,text,true,,119681,123,102,102,https://www.w3schools.com:443/,678,0,194
1673546158896,1383,Homepage,200,OK,Thread Group 1-168,text,true,,119994,242,106,106,https://www.w3schools.com:443/,479,0,99
1673546158896,479,Homepage-0,301,Moved Permanently,Thread Group 1-168,text,true,,313,119,106,106,http://www.w3schools.com/,479,0,99
1673546159376,903,Homepage-1,200,OK,Thread Group 1-168,text,true,,119681,123,106,106,https://www.w3schools.com:443/,440,0,175
1673546157512,3069,Homepage,200,OK,Thread Group 1-141,text,true,,119994,242,111,111,https://www.w3schools.com:443/,471,0,94
1673546157512,471,Homepage-0,301,Moved Permanently,Thread Group 1-141,text,true,,313,119,111,111,http://www.w3schools.com/,471,0,94
1673546157983,2598,Homepage-1,200,OK,Thread Group 1-141,text,true,,119681,123,111,111,https://www.w3schools.com:443/,532,0,179
1673546152951,7716,Homepage,200,OK,Thread Group 1-49,text,true,,119994,242,110,110,https://www.w3schools.com:443/,460,0,85
1673546152951,460,Homepage-0,301,Moved Permanently,Thread Group 1-49,text,true,,313,119,110,110,http://www.w3schools.com/,460,0,85
1673546153412,7255,Homepage-1,200,OK,Thread Group 1-49,text,true,,119681,123,110,110,https://www.w3schools.com:443/,2006,0,1183
1673546159046,1661,Homepage,200,OK,Thread Group 1-171,text,true,,119994,242,109,109,https://www.w3schools.com:443/,445,0,78
1673546159046,445,Homepage-0,301,Moved Permanently,Thread Group 1-171,text,true,,313,119,109,109,http://www.w3schools.com/,445,0,78
1673546159492,1215,Homepage-1,200,OK,Thread Group 1-171,text,true,,119681,123,109,109,https://www.w3schools.com:443/,511,0,182
1673546152705,8085,Homepage,200,OK,Thread Group 1-44,text,true,,119994,242,108,108,https://www.w3schools.com:443/,1497,0,1098
1673546152705,1497,Homepage-0,301,Moved Permanently,Thread Group 1-44,text,true,,313,119,108,108,http://www.w3schools.com/,1497,0,1098
1673546154203,6587,Homepage-1,200,OK,Thread Group 1-44,text,true,,119681,123,108,108,https://www.w3schools.com:443/,2682,0,2273
1673546158698,2155,Homepage,200,OK,Thread Group 1-164,text,true,,119994,242,107,107,https://www.w3schools.com:443/,812,0,76
1673546158698,812,Homepage-0,301,Moved Permanently,Thread Group 1-164,text,true,,313,119,107,107,http://www.w3schools.com/,812,0,76
1673546159511,1342,Homepage-1,200,OK,Thread Group 1-164,text,true,,119681,123,107,107,https://www.w3schools.com:443/,493,0,179
1673546158454,2439,Homepage,200,OK,Thread Group 1-159,text,true,,119994,242,106,106,https://www.w3schools.com:443/,1502,0,1121
1673546158454,1502,Homepage-0,301,Moved Permanently,Thread Group 1-159,text,true,,313,119,106,106,http://www.w3schools.com/,1502,0,1121
1673546159957,936,Homepage-1,200,OK,Thread Group 1-159,text,true,,119681,123,106,106,https://www.w3schools.com:443/,306,0,208
1673546154521,6443,Homepage,200,OK,Thread Group 1-81,text,true,,119994,242,105,105,https://www.w3schools.com:443/,468,0,87
1673546154521,468,Homepage-0,301,Moved Permanently,Thread Group 1-81,text,true,,313,119,105,105,http://www.w3schools.com/,468,0,87
1673546154989,5975,Homepage-1,200,OK,Thread Group 1-81,text,true,,119681,123,105,105,https://www.w3schools.com:443/,1333,0,839
1673546159494,1490,Homepage,200,OK,Thread Group 1-180,text,true,,119994,242,104,104,https://www.w3schools.com:443/,480,0,94
1673546159494,480,Homepage-0,301,Moved Permanently,Thread Group 1-180,text,true,,313,119,104,104,http://www.w3schools.com/,480,0,94
1673546159976,1008,Homepage-1,200,OK,Thread Group 1-180,text,true,,119681,123,104,104,https://www.w3schools.com:443/,540,0,203
1673546159245,1752,Homepage,200,OK,Thread Group 1-175,text,true,,119994,242,103,103,https://www.w3schools.com:443/,816,0,82
1673546159245,816,Homepage-0,301,Moved Permanently,Thread Group 1-175,text,true,,313,119,103,103,http://www.w3schools.com/,816,0,82
1673546160062,935,Homepage-1,200,OK,Thread Group 1-175,text,true,,119681,123,103,103,https://www.w3schools.com:443/,455,0,189
1673546153100,7947,Homepage,200,OK,Thread Group 1-52,text,true,,119994,242,102,102,https://www.w3schools.com:443/,432,0,75
1673546153100,432,Homepage-0,301,Moved Permanently,Thread Group 1-52,text,true,,313,119,102,102,http://www.w3schools.com/,432,0,75
1673546153533,7514,Homepage-1,200,OK,Thread Group 1-52,text,true,,119681,123,102,102,https://www.w3schools.com:443/,965,0,564
1673546153876,7434,Homepage,200,OK,Thread Group 1-68,text,true,,119994,242,101,101,https://www.w3schools.com:443/,462,0,91
1673546153876,462,Homepage-0,301,Moved Permanently,Thread Group 1-68,text,true,,313,119,101,101,http://www.w3schools.com/,462,0,91
1673546154339,6971,Homepage-1,200,OK,Thread Group 1-68,text,true,,119681,123,101,101,https://www.w3schools.com:443/,1108,0,178
1673546159951,1492,Homepage,200,OK,Thread Group 1-189,text,true,,119994,242,100,100,https://www.w3schools.com:443/,487,0,96
1673546159951,487,Homepage-0,301,Moved Permanently,Thread Group 1-189,text,true,,313,119,100,100,http://www.w3schools.com/,487,0,96
1673546160439,1004,Homepage-1,200,OK,Thread Group 1-189,text,true,,119681,123,100,100,https://www.w3schools.com:443/,455,0,207
1673546153251,8396,Homepage,200,OK,Thread Group 1-55,text,true,,119994,242,99,99,https://www.w3schools.com:443/,2571,0,1080
1673546153251,2571,Homepage-0,301,Moved Permanently,Thread Group 1-55,text,true,,313,119,99,99,http://www.w3schools.com/,2571,0,1080
1673546155824,5823,Homepage-1,200,OK,Thread Group 1-55,text,true,,119681,123,99,99,https://www.w3schools.com:443/,1730,0,1357
1673546156226,5486,Homepage,200,OK,Thread Group 1-115,text,true,,119994,242,98,98,https://www.w3schools.com:443/,1477,0,1092
1673546156226,1477,Homepage-0,301,Moved Permanently,Thread Group 1-115,text,true,,313,119,98,98,http://www.w3schools.com/,1477,0,1092
1673546157704,4008,Homepage-1,200,OK,Thread Group 1-115,text,true,,119681,123,98,98,https://www.w3schools.com:443/,430,0,185
1673546152146,9656,Homepage,200,OK,Thread Group 1-30,text,true,,119994,242,97,97,https://www.w3schools.com:443/,550,0,83
1673546156272,5531,Homepage,200,OK,Thread Group 1-116,text,true,,119994,242,97,97,https://www.w3schools.com:443/,1489,0,1104
1673546152146,550,Homepage-0,301,Moved Permanently,Thread Group 1-30,text,true,,313,119,97,97,http://www.w3schools.com/,550,0,83
1673546156272,1489,Homepage-0,301,Moved Permanently,Thread Group 1-116,text,true,,313,119,97,97,http://www.w3schools.com/,1489,0,1104
1673546152702,9100,Homepage-1,200,OK,Thread Group 1-30,text,true,,119681,123,97,97,https://www.w3schools.com:443/,1118,0,736
1673546157762,4041,Homepage-1,200,OK,Thread Group 1-116,text,true,,119681,123,97,97,https://www.w3schools.com:443/,624,0,185
1673546152361,9503,Homepage,200,OK,Thread Group 1-37,text,true,,119994,242,95,95,https://www.w3schools.com:443/,686,0,94
1673546152361,686,Homepage-0,301,Moved Permanently,Thread Group 1-37,text,true,,313,119,95,95,http://www.w3schools.com/,686,0,94
1673546153049,8815,Homepage-1,200,OK,Thread Group 1-37,text,true,,119681,123,95,95,https://www.w3schools.com:443/,4120,0,2568
1673546155117,6808,Homepage,200,OK,Thread Group 1-93,text,true,,119994,242,94,94,https://www.w3schools.com:443/,455,0,85
1673546155117,455,Homepage-0,301,Moved Permanently,Thread Group 1-93,text,true,,313,119,94,94,http://www.w3schools.com/,455,0,85
1673546155573,6352,Homepage-1,200,OK,Thread Group 1-93,text,true,,119681,123,94,94,https://www.w3schools.com:443/,542,0,176
1673546159895,2041,Homepage,200,OK,Thread Group 1-188,text,true,,119994,242,93,93,https://www.w3schools.com:443/,463,0,82
1673546159895,463,Homepage-0,301,Moved Permanently,Thread Group 1-188,text,true,,313,119,93,93,http://www.w3schools.com/,463,0,82
1673546160361,1575,Homepage-1,200,OK,Thread Group 1-188,text,true,,119681,123,93,93,https://www.w3schools.com:443/,468,0,205
1673546154822,7211,Homepage,200,OK,Thread Group 1-87,text,true,,119994,242,92,92,https://www.w3schools.com:443/,470,0,89
1673546154822,470,Homepage-0,301,Moved Permanently,Thread Group 1-87,text,true,,313,119,92,92,http://www.w3schools.com/,470,0,89
1673546155292,6741,Homepage-1,200,OK,Thread Group 1-87,text,true,,119681,123,92,92,https://www.w3schools.com:443/,1588,0,833
1673546160294,1766,Homepage,200,OK,Thread Group 1-195,text,true,,119994,242,91,91,https://www.w3schools.com:443/,559,0,97
1673546160294,559,Homepage-0,301,Moved Permanently,Thread Group 1-195,text,true,,313,119,91,91,http://www.w3schools.com/,559,0,97
1673546160853,1207,Homepage-1,200,OK,Thread Group 1-195,text,true,,119681,123,91,91,https://www.w3schools.com:443/,577,0,182
1673546154774,7292,Homepage,200,OK,Thread Group 1-86,text,true,,119994,242,90,90,https://www.w3schools.com:443/,469,0,84
1673546154774,469,Homepage-0,301,Moved Permanently,Thread Group 1-86,text,true,,313,119,90,90,http://www.w3schools.com/,469,0,84
1673546155243,6823,Homepage-1,200,OK,Thread Group 1-86,text,true,,119681,123,90,90,https://www.w3schools.com:443/,1956,0,1471
1673546154127,7975,Homepage,200,OK,Thread Group 1-73,text,true,,119994,242,89,89,https://www.w3schools.com:443/,1465,0,1088
1673546154127,1465,Homepage-0,301,Moved Permanently,Thread Group 1-73,text,true,,313,119,89,89,http://www.w3schools.com/,1465,0,1088
1673546155593,6509,Homepage-1,200,OK,Thread Group 1-73,text,true,,119681,123,89,89,https://www.w3schools.com:443/,1664,0,532
1673546154574,7717,Homepage,200,OK,Thread Group 1-82,text,true,,119994,242,88,88,https://www.w3schools.com:443/,474,0,86
1673546154574,474,Homepage-0,301,Moved Permanently,Thread Group 1-82,text,true,,313,119,88,88,http://www.w3schools.com/,474,0,86
1673546155049,7242,Homepage-1,200,OK,Thread Group 1-82,text,true,,119681,123,88,88,https://www.w3schools.com:443/,656,0,291
1673546154921,7371,Homepage,200,OK,Thread Group 1-89,text,true,,119994,242,88,88,https://www.w3schools.com:443/,465,0,83
1673546154921,465,Homepage-0,301,Moved Permanently,Thread Group 1-89,text,true,,313,119,88,88,http://www.w3schools.com/,465,0,83
1673546155387,6905,Homepage-1,200,OK,Thread Group 1-89,text,true,,119681,123,88,88,https://www.w3schools.com:443/,1807,0,173
1673546158504,3913,Homepage,200,OK,Thread Group 1-160,text,true,,119994,242,86,86,https://www.w3schools.com:443/,1198,0,92
1673546158504,1198,Homepage-0,301,Moved Permanently,Thread Group 1-160,text,true,,313,119,86,86,http://www.w3schools.com/,1198,0,92
1673546159705,2712,Homepage-1,200,OK,Thread Group 1-160,text,true,,119681,123,86,86,https://www.w3schools.com:443/,958,0,178
1673546160234,2476,Homepage,200,OK,Thread Group 1-193,text,true,,119994,242,85,85,https://www.w3schools.com:443/,1478,0,1092
1673546160234,1478,Homepage-0,301,Moved Permanently,Thread Group 1-193,text,true,,313,119,85,85,http://www.w3schools.com/,1478,0,1092
1673546161712,998,Homepage-1,200,OK,Thread Group 1-193,text,true,,119681,123,85,85,https://www.w3schools.com:443/,506,0,178
1673546158797,3918,Homepage,200,OK,Thread Group 1-166,text,true,,119994,242,84,84,https://www.w3schools.com:443/,465,0,78
1673546158797,465,Homepage-0,301,Moved Permanently,Thread Group 1-166,text,true,,313,119,84,84,http://www.w3schools.com/,465,0,78
1673546159263,3452,Homepage-1,200,OK,Thread Group 1-166,text,true,,119681,123,84,84,https://www.w3schools.com:443/,2052,0,1513
1673546158372,4402,Homepage,200,OK,Thread Group 1-157,text,true,,119994,242,83,83,https://www.w3schools.com:443/,781,0,87
1673546158372,781,Homepage-0,301,Moved Permanently,Thread Group 1-157,text,true,,313,119,83,83,http://www.w3schools.com/,781,0,87
1673546159154,3620,Homepage-1,200,OK,Thread Group 1-157,text,true,,119681,123,83,83,https://www.w3schools.com:443/,1943,0,1595
1673546159643,3240,Homepage,200,OK,Thread Group 1-183,text,true,,119994,242,82,82,https://www.w3schools.com:443/,497,0,90
1673546159643,497,Homepage-0,301,Moved Permanently,Thread Group 1-183,text,true,,313,119,82,82,http://www.w3schools.com/,497,0,90
1673546160140,2743,Homepage-1,200,OK,Thread Group 1-183,text,true,,119681,123,82,82,https://www.w3schools.com:443/,1894,0,1191
1673546158021,4903,Homepage,200,OK,Thread Group 1-150,text,true,,119994,242,81,81,https://www.w3schools.com:443/,471,0,85
1673546158021,471,Homepage-0,301,Moved Permanently,Thread Group 1-150,text,true,,313,119,81,81,http://www.w3schools.com/,471,0,85
1673546158492,4432,Homepage-1,200,OK,Thread Group 1-150,text,true,,119681,123,81,81,https://www.w3schools.com:443/,702,0,183
1673546155318,7710,Homepage,200,OK,Thread Group 1-97,text,true,,119994,242,80,80,https://www.w3schools.com:443/,467,0,80
1673546155318,467,Homepage-0,301,Moved Permanently,Thread Group 1-97,text,true,,313,119,80,80,http://www.w3schools.com/,467,0,80
1673546155787,7241,Homepage-1,200,OK,Thread Group 1-97,text,true,,119681,123,80,80,https://www.w3schools.com:443/,657,0,162
1673546155667,7394,Homepage,200,OK,Thread Group 1-104,text,true,,119994,242,79,79,https://www.w3schools.com:443/,467,0,85
1673546158996,4065,Homepage,200,OK,Thread Group 1-170,text,true,,119994,242,79,79,https://www.w3schools.com:443/,744,0,70
1673546155667,467,Homepage-0,301,Moved Permanently,Thread Group 1-104,text,true,,313,119,79,79,http://www.w3schools.com/,467,0,85
1673546158996,744,Homepage-0,301,Moved Permanently,Thread Group 1-170,text,true,,313,119,79,79,http://www.w3schools.com/,744,0,70
1673546156135,6926,Homepage-1,200,OK,Thread Group 1-104,text,true,,119681,123,79,79,https://www.w3schools.com:443/,3428,0,856
1673546159741,3320,Homepage-1,200,OK,Thread Group 1-170,text,true,,119681,123,79,79,https://www.w3schools.com:443/,1034,0,622
1673546157066,6017,Homepage,200,OK,Thread Group 1-132,text,true,,119994,242,77,77,https://www.w3schools.com:443/,866,0,83
1673546157066,866,Homepage-0,301,Moved Permanently,Thread Group 1-132,text,true,,313,119,77,77,http://www.w3schools.com/,866,0,83
1673546157933,5150,Homepage-1,200,OK,Thread Group 1-132,text,true,,119681,123,77,77,https://www.w3schools.com:443/,1589,0,1221
1673546159350,3770,Homepage,200,OK,Thread Group 1-177,text,true,,119994,242,76,76,https://www.w3schools.com:443/,833,0,80
1673546159350,833,Homepage-0,301,Moved Permanently,Thread Group 1-177,text,true,,313,119,76,76,http://www.w3schools.com/,833,0,80
1673546160184,2936,Homepage-1,200,OK,Thread Group 1-177,text,true,,119681,123,76,76,https://www.w3schools.com:443/,2178,0,1943
1673546157866,5277,Homepage,200,OK,Thread Group 1-147,text,true,,119994,242,75,75,https://www.w3schools.com:443/,1461,0,1087
1673546157866,1461,Homepage-0,301,Moved Permanently,Thread Group 1-147,text,true,,313,119,75,75,http://www.w3schools.com/,1461,0,1087
1673546159328,3815,Homepage-1,200,OK,Thread Group 1-147,text,true,,119681,123,75,75,https://www.w3schools.com:443/,760,0,164
1673546157835,5313,Homepage,200,OK,Thread Group 1-146,text,true,,119994,242,74,74,https://www.w3schools.com:443/,479,0,99
1673546157835,479,Homepage-0,301,Moved Permanently,Thread Group 1-146,text,true,,313,119,74,74,http://www.w3schools.com/,479,0,99
1673546158315,4833,Homepage-1,200,OK,Thread Group 1-146,text,true,,119681,123,74,74,https://www.w3schools.com:443/,1658,0,1159
1673546160094,3078,Homepage,200,OK,Thread Group 1-190,text,true,,119994,242,73,73,https://www.w3schools.com:443/,790,0,90
1673546160094,790,Homepage-0,301,Moved Permanently,Thread Group 1-190,text,true,,313,119,73,73,http://www.w3schools.com/,790,0,90
1673546160464,2708,Homepage,200,OK,Thread Group 1-199,text,true,,119994,242,73,73,https://www.w3schools.com:443/,1485,0,1099
1673546160884,2288,Homepage-1,200,OK,Thread Group 1-190,text,true,,119681,123,73,73,https://www.w3schools.com:443/,827,0,164
1673546160464,1486,Homepage-0,301,Moved Permanently,Thread Group 1-199,text,true,,313,119,73,73,http://www.w3schools.com/,1485,0,1099
1673546161949,1223,Homepage-1,200,OK,Thread Group 1-199,text,true,,119681,123,73,73,https://www.w3schools.com:443/,623,0,186
1673546158649,4579,Homepage,200,OK,Thread Group 1-163,text,true,,119994,242,71,71,https://www.w3schools.com:443/,781,0,75
1673546158649,781,Homepage-0,301,Moved Permanently,Thread Group 1-163,text,true,,313,119,71,71,http://www.w3schools.com/,781,0,75
1673546159430,3798,Homepage-1,200,OK,Thread Group 1-163,text,true,,119681,123,71,71,https://www.w3schools.com:443/,430,0,171
1673546158116,5155,Homepage,200,OK,Thread Group 1-152,text,true,,119994,242,70,70,https://www.w3schools.com:443/,499,0,95
1673546158116,499,Homepage-0,301,Moved Permanently,Thread Group 1-152,text,true,,313,119,70,70,http://www.w3schools.com/,499,0,95
1673546158616,4655,Homepage-1,200,OK,Thread Group 1-152,text,true,,119681,123,70,70,https://www.w3schools.com:443/,848,0,205
1673546152194,11179,Homepage,200,OK,Thread Group 1-34,text,true,,119994,242,69,69,https://www.w3schools.com:443/,450,0,75
1673546152194,450,Homepage-0,301,Moved Permanently,Thread Group 1-34,text,true,,313,119,69,69,http://www.w3schools.com/,450,0,75
1673546152645,10728,Homepage-1,200,OK,Thread Group 1-34,text,true,,119681,123,69,69,https://www.w3schools.com:443/,3470,0,185
1673546154971,8494,Homepage,200,OK,Thread Group 1-90,text,true,,119994,242,68,68,https://www.w3schools.com:443/,1463,0,1081
1673546154971,1463,Homepage-0,301,Moved Permanently,Thread Group 1-90,text,true,,313,119,68,68,http://www.w3schools.com/,1463,0,1081
1673546156436,7029,Homepage-1,200,OK,Thread Group 1-90,text,true,,119681,123,68,68,https://www.w3schools.com:443/,1945,0,1193
1673546160499,3027,Homepage,200,OK,Thread Group 1-200,text,true,,119994,242,67,67,https://www.w3schools.com:443/,465,0,76
1673546160499,465,Homepage-0,301,Moved Permanently,Thread Group 1-200,text,true,,313,119,67,67,http://www.w3schools.com/,465,0,76
1673546160964,2562,Homepage-1,200,OK,Thread Group 1-200,text,true,,119681,123,67,67,https://www.w3schools.com:443/,749,0,553
1673546156024,7518,Homepage,200,OK,Thread Group 1-111,text,true,,119994,242,66,66,https://www.w3schools.com:443/,1475,0,1091
1673546156024,1475,Homepage-0,301,Moved Permanently,Thread Group 1-111,text,true,,313,119,66,66,http://www.w3schools.com/,1475,0,1091
1673546157500,6042,Homepage-1,200,OK,Thread Group 1-111,text,true,,119681,123,66,66,https://www.w3schools.com:443/,277,0,191
1673546151417,12129,Homepage,200,OK,Thread Group 1-19,text,true,,119994,242,65,65,https://www.w3schools.com:443/,433,0,64
1673546151417,434,Homepage-0,301,Moved Permanently,Thread Group 1-19,text,true,,313,119,65,65,http://www.w3schools.com/,433,0,64
1673546151851,11695,Homepage-1,200,OK,Thread Group 1-19,text,true,,119681,123,65,65,https://www.w3schools.com:443/,272,0,176
1673546154327,9228,Homepage,200,OK,Thread Group 1-77,text,true,,119994,242,64,64,https://www.w3schools.com:443/,1024,0,85
1673546154327,1024,Homepage-0,301,Moved Permanently,Thread Group 1-77,text,true,,313,119,64,64,http://www.w3schools.com/,1024,0,85
1673546155352,8203,Homepage-1,200,OK,Thread Group 1-77,text,true,,119681,123,64,64,https://www.w3schools.com:443/,2747,0,2301
1673546157728,5846,Homepage,200,OK,Thread Group 1-144,text,true,,119994,242,63,63,https://www.w3schools.com:443/,805,0,97
1673546157728,805,Homepage-0,301,Moved Permanently,Thread Group 1-144,text,true,,313,119,63,63,http://www.w3schools.com/,805,0,97
1673546158533,5041,Homepage-1,200,OK,Thread Group 1-144,text,true,,119681,123,63,63,https://www.w3schools.com:443/,420,0,175
1673546155832,7751,Homepage,200,OK,Thread Group 1-107,text,true,,119994,242,62,62,https://www.w3schools.com:443/,784,0,85
1673546155832,784,Homepage-0,301,Moved Permanently,Thread Group 1-107,text,true,,313,119,62,62,http://www.w3schools.com/,784,0,85
1673546156617,6966,Homepage-1,200,OK,Thread Group 1-107,text,true,,119681,123,62,62,https://www.w3schools.com:443/,513,0,274
1673546156175,7431,Homepage,200,OK,Thread Group 1-114,text,true,,119994,242,61,61,https://www.w3schools.com:443/,1463,0,1085
1673546156175,1463,Homepage-0,301,Moved Permanently,Thread Group 1-114,text,true,,313,119,61,61,http://www.w3schools.com/,1463,0,1085
1673546157640,5966,Homepage-1,200,OK,Thread Group 1-114,text,true,,119681,123,61,61,https://www.w3schools.com:443/,1772,0,1521
1673546160379,3234,Homepage,200,OK,Thread Group 1-196,text,true,,119994,242,60,60,https://www.w3schools.com:443/,1478,0,1096
1673546156919,6695,Homepage,200,OK,Thread Group 1-129,text,true,,119994,242,60,60,https://www.w3schools.com:443/,781,0,80
1673546160379,1478,Homepage-0,301,Moved Permanently,Thread Group 1-196,text,true,,313,119,60,60,http://www.w3schools.com/,1478,0,1096
1673546156919,781,Homepage-0,301,Moved Permanently,Thread Group 1-129,text,true,,313,119,60,60,http://www.w3schools.com/,781,0,80
1673546161857,1756,Homepage-1,200,OK,Thread Group 1-196,text,true,,119681,123,60,60,https://www.w3schools.com:443/,1053,0,518
1673546157703,5911,Homepage-1,200,OK,Thread Group 1-129,text,true,,119681,123,60,60,https://www.w3schools.com:443/,1812,0,1571
1673546153147,10542,Homepage,200,OK,Thread Group 1-53,text,true,,119994,242,58,58,https://www.w3schools.com:443/,1493,0,1112
1673546153147,1493,Homepage-0,301,Moved Permanently,Thread Group 1-53,text,true,,313,119,58,58,http://www.w3schools.com/,1493,0,1112
1673546154641,9048,Homepage-1,200,OK,Thread Group 1-53,text,true,,119681,123,58,58,https://www.w3schools.com:443/,692,0,160
1673546156371,7340,Homepage,200,OK,Thread Group 1-118,text,true,,119994,242,57,57,https://www.w3schools.com:443/,1823,0,1100
1673546156371,1823,Homepage-0,301,Moved Permanently,Thread Group 1-118,text,true,,313,119,57,57,http://www.w3schools.com/,1823,0,1100
1673546158195,5516,Homepage-1,200,OK,Thread Group 1-118,text,true,,119681,123,57,57,https://www.w3schools.com:443/,1727,0,194
1673546159748,3984,Homepage,200,OK,Thread Group 1-185,text,true,,119994,242,56,56,https://www.w3schools.com:443/,469,0,91
1673546159748,469,Homepage-0,301,Moved Permanently,Thread Group 1-185,text,true,,313,119,56,56,http://www.w3schools.com/,469,0,91
1673546160217,3515,Homepage-1,200,OK,Thread Group 1-185,text,true,,119681,123,56,56,https://www.w3schools.com:443/,761,0,181
1673546156871,6888,Homepage,200,OK,Thread Group 1-128,text,true,,119994,242,55,55,https://www.w3schools.com:443/,780,0,70
1673546156871,780,Homepage-0,301,Moved Permanently,Thread Group 1-128,text,true,,313,119,55,55,http://www.w3schools.com/,780,0,70
1673546157652,6107,Homepage-1,200,OK,Thread Group 1-128,text,true,,119681,123,55,55,https://www.w3schools.com:443/,3210,0,194
1673546158314,5449,Homepage,200,OK,Thread Group 1-156,text,true,,119994,242,54,54,https://www.w3schools.com:443/,488,0,99
1673546158314,488,Homepage-0,301,Moved Permanently,Thread Group 1-156,text,true,,313,119,54,54,http://www.w3schools.com/,488,0,99
1673546158803,4960,Homepage-1,200,OK,Thread Group 1-156,text,true,,119681,123,54,54,https://www.w3schools.com:443/,1321,0,530
1673546150872,12895,Homepage,200,OK,Thread Group 1-8,text,true,,119994,242,53,53,https://www.w3schools.com:443/,502,0,61
1673546150872,502,Homepage-0,301,Moved Permanently,Thread Group 1-8,text,true,,313,119,53,53,http://www.w3schools.com/,502,0,61
1673546151375,12392,Homepage-1,200,OK,Thread Group 1-8,text,true,,119681,123,53,53,https://www.w3schools.com:443/,733,0,638
1673546157018,6778,Homepage,200,OK,Thread Group 1-131,text,true,,119994,242,52,52,https://www.w3schools.com:443/,1082,0,79
1673546157018,1082,Homepage-0,301,Moved Permanently,Thread Group 1-131,text,true,,313,119,52,52,http://www.w3schools.com/,1082,0,79
1673546160414,3381,Homepage,200,OK,Thread Group 1-198,text,true,,119994,242,52,52,https://www.w3schools.com:443/,865,0,146
1673546158101,5695,Homepage-1,200,OK,Thread Group 1-131,text,true,,119681,123,52,52,https://www.w3schools.com:443/,1292,0,773
1673546160414,865,Homepage-0,301,Moved Permanently,Thread Group 1-198,text,true,,313,119,52,52,http://www.w3schools.com/,865,0,146
1673546161279,2516,Homepage-1,200,OK,Thread Group 1-198,text,true,,119681,123,52,52,https://www.w3schools.com:443/,1815,0,1169
1673546160244,3592,Homepage,200,OK,Thread Group 1-194,text,true,,119994,242,50,50,https://www.w3schools.com:443/,464,0,82
1673546160244,464,Homepage-0,301,Moved Permanently,Thread Group 1-194,text,true,,313,119,50,50,http://www.w3schools.com/,464,0,82
1673546160707,3129,Homepage-1,200,OK,Thread Group 1-194,text,true,,119681,123,50,50,https://www.w3schools.com:443/,1807,0,1186
1673546157681,6163,Homepage,200,OK,Thread Group 1-143,text,true,,119994,242,49,49,https://www.w3schools.com:443/,468,0,81
1673546157681,468,Homepage-0,301,Moved Permanently,Thread Group 1-143,text,true,,313,119,49,49,http://www.w3schools.com/,468,0,81
1673546158150,5694,Homepage-1,200,OK,Thread Group 1-143,text,true,,119681,123,49,49,https://www.w3schools.com:443/,2907,0,1647
1673546158750,5100,Homepage,200,OK,Thread Group 1-165,text,true,,119994,242,48,48,https://www.w3schools.com:443/,467,0,93
1673546158750,468,Homepage-0,301,Moved Permanently,Thread Group 1-165,text,true,,313,119,48,48,http://www.w3schools.com/,467,0,93
1673546159218,4632,Homepage-1,200,OK,Thread Group 1-165,text,true,,119681,123,48,48,https://www.w3schools.com:443/,1221,0,162
1673546159147,4720,Homepage,200,OK,Thread Group 1-173,text,true,,119994,242,47,47,https://www.w3schools.com:443/,463,0,87
1673546159147,463,Homepage-0,301,Moved Permanently,Thread Group 1-173,text,true,,313,119,47,47,http://www.w3schools.com/,463,0,87
1673546159611,4256,Homepage-1,200,OK,Thread Group 1-173,text,true,,119681,123,47,47,https://www.w3schools.com:443/,585,0,322
1673546158550,5334,Homepage,200,OK,Thread Group 1-161,text,true,,119994,242,46,46,https://www.w3schools.com:443/,467,0,96
1673546158550,467,Homepage-0,301,Moved Permanently,Thread Group 1-161,text,true,,313,119,46,46,http://www.w3schools.com/,467,0,96
1673546159018,4866,Homepage-1,200,OK,Thread Group 1-161,text,true,,119681,123,46,46,https://www.w3schools.com:443/,1195,0,149
1673546154719,9213,Homepage,200,OK,Thread Group 1-85,text,true,,119994,242,45,45,https://www.w3schools.com:443/,467,0,85
1673546154719,467,Homepage-0,301,Moved Permanently,Thread Group 1-85,text,true,,313,119,45,45,http://www.w3schools.com/,467,0,85
1673546155186,8746,Homepage-1,200,OK,Thread Group 1-85,text,true,,119681,123,45,45,https://www.w3schools.com:443/,1069,0,509
1673546155975,7975,Homepage,200,OK,Thread Group 1-110,text,true,,119994,242,44,44,https://www.w3schools.com:443/,468,0,85
1673546155975,468,Homepage-0,301,Moved Permanently,Thread Group 1-110,text,true,,313,119,44,44,http://www.w3schools.com/,468,0,85
1673546156443,7507,Homepage-1,200,OK,Thread Group 1-110,text,true,,119681,123,44,44,https://www.w3schools.com:443/,1104,0,182
1673546159394,4578,Homepage,200,OK,Thread Group 1-178,text,true,,119994,242,43,43,https://www.w3schools.com:443/,449,0,70
1673546159394,449,Homepage-0,301,Moved Permanently,Thread Group 1-178,text,true,,313,119,43,43,http://www.w3schools.com/,449,0,70
1673546159844,4128,Homepage-1,200,OK,Thread Group 1-178,text,true,,119681,123,43,43,https://www.w3schools.com:443/,1197,0,194
1673546155165,8866,Homepage,200,OK,Thread Group 1-94,text,true,,119994,242,42,42,https://www.w3schools.com:443/,471,0,86
1673546155165,471,Homepage-0,301,Moved Permanently,Thread Group 1-94,text,true,,313,119,42,42,http://www.w3schools.com/,471,0,86
1673546155637,8394,Homepage-1,200,OK,Thread Group 1-94,text,true,,119681,123,42,42,https://www.w3schools.com:443/,2303,0,782
1673546157913,6148,Homepage,200,OK,Thread Group 1-148,text,true,,119994,242,41,41,https://www.w3schools.com:443/,474,0,92
1673546157913,474,Homepage-0,301,Moved Permanently,Thread Group 1-148,text,true,,313,119,41,41,http://www.w3schools.com/,474,0,92
1673546158387,5674,Homepage-1,200,OK,Thread Group 1-148,text,true,,119681,123,41,41,https://www.w3schools.com:443/,3061,0,2579
1673546156771,7351,Homepage,200,OK,Thread Group 1-126,text,true,,119994,242,40,40,https://www.w3schools.com:443/,1488,0,1098
1673546156771,1488,Homepage-0,301,Moved Permanently,Thread Group 1-126,text,true,,313,119,40,40,http://www.w3schools.com/,1488,0,1098
1673546158260,5862,Homepage-1,200,OK,Thread Group 1-126,text,true,,119681,123,40,40,https://www.w3schools.com:443/,1524,0,1181
1673546156671,7481,Homepage,200,OK,Thread Group 1-124,text,true,,119994,242,39,39,https://www.w3schools.com:443/,1496,0,1092
1673546156671,1496,Homepage-0,301,Moved Permanently,Thread Group 1-124,text,true,,313,119,39,39,http://www.w3schools.com/,1496,0,1092
1673546158167,5985,Homepage-1,200,OK,Thread Group 1-124,text,true,,119681,123,39,39,https://www.w3schools.com:443/,635,0,191
1673546155414,8747,Homepage,200,OK,Thread Group 1-99,text,true,,119994,242,38,38,https://www.w3schools.com:443/,462,0,83
1673546155414,462,Homepage-0,301,Moved Permanently,Thread Group 1-99,text,true,,313,119,38,38,http://www.w3schools.com/,462,0,83
1673546155878,8283,Homepage-1,200,OK,Thread Group 1-99,text,true,,119681,123,38,38,https://www.w3schools.com:443/,883,0,181
1673546158847,5355,Homepage,200,OK,Thread Group 1-167,text,true,,119994,242,37,37,https://www.w3schools.com:443/,470,0,86
1673546158847,470,Homepage-0,301,Moved Permanently,Thread Group 1-167,text,true,,313,119,37,37,http://www.w3schools.com/,470,0,86
1673546159318,4884,Homepage-1,200,OK,Thread Group 1-167,text,true,,119681,123,37,37,https://www.w3schools.com:443/,1826,0,1318
1673546159294,4938,Homepage,200,OK,Thread Group 1-176,text,true,,119994,242,36,36,https://www.w3schools.com:443/,452,0,77
1673546159294,452,Homepage-0,301,Moved Permanently,Thread Group 1-176,text,true,,313,119,36,36,http://www.w3schools.com/,452,0,77
1673546159747,4485,Homepage-1,200,OK,Thread Group 1-176,text,true,,119681,123,36,36,https://www.w3schools.com:443/,1201,0,187
1673546159841,4482,Homepage,200,OK,Thread Group 1-186,text,true,,119994,242,35,35,https://www.w3schools.com:443/,457,0,92
1673546159841,457,Homepage-0,301,Moved Permanently,Thread Group 1-186,text,true,,313,119,35,35,http://www.w3schools.com/,457,0,92
1673546160298,4025,Homepage-1,200,OK,Thread Group 1-186,text,true,,119681,123,35,35,https://www.w3schools.com:443/,1599,0,859
1673546154872,9495,Homepage,200,OK,Thread Group 1-88,text,true,,119994,242,34,34,https://www.w3schools.com:443/,466,0,89
1673546154872,467,Homepage-0,301,Moved Permanently,Thread Group 1-88,text,true,,313,119,34,34,http://www.w3schools.com/,466,0,89
1673546155339,9028,Homepage-1,200,OK,Thread Group 1-88,text,true,,119681,123,34,34,https://www.w3schools.com:443/,430,0,174
1673546158227,6173,Homepage,200,OK,Thread Group 1-154,text,true,,119994,242,33,33,https://www.w3schools.com:443/,463,0,89
1673546158227,463,Homepage-0,301,Moved Permanently,Thread Group 1-154,text,true,,313,119,33,33,http://www.w3schools.com/,463,0,89
1673546158691,5709,Homepage-1,200,OK,Thread Group 1-154,text,true,,119681,123,33,33,https://www.w3schools.com:443/,1145,0,187
1673546157117,7332,Homepage,200,OK,Thread Group 1-133,text,true,,119994,242,32,32,https://www.w3schools.com:443/,1297,0,89
1673546157117,1297,Homepage-0,301,Moved Permanently,Thread Group 1-133,text,true,,313,119,32,32,http://www.w3schools.com/,1297,0,89
1673546158415,6034,Homepage-1,200,OK,Thread Group 1-133,text,true,,119681,123,32,32,https://www.w3schools.com:443/,3160,0,758
1673546159196,5289,Homepage,200,OK,Thread Group 1-174,text,true,,119994,242,31,31,https://www.w3schools.com:443/,476,0,87
1673546159196,476,Homepage-0,301,Moved Permanently,Thread Group 1-174,text,true,,313,119,31,31,http://www.w3schools.com/,476,0,87
1673546159673,4812,Homepage-1,200,OK,Thread Group 1-174,text,true,,119681,123,31,31,https://www.w3schools.com:443/,559,0,295
1673546160383,4107,Homepage,200,OK,Thread Group 1-197,text,true,,119994,242,30,30,https://www.w3schools.com:443/,565,0,176
1673546160383,565,Homepage-0,301,Moved Permanently,Thread Group 1-197,text,true,,313,119,30,30,http://www.w3schools.com/,565,0,176
1673546160948,3542,Homepage-1,200,OK,Thread Group 1-197,text,true,,119681,123,30,30,https://www.w3schools.com:443/,1001,0,379
1673546158608,5937,Homepage,200,OK,Thread Group 1-162,text,true,,119994,242,29,29,https://www.w3schools.com:443/,465,0,98
1673546158608,465,Homepage-0,301,Moved Permanently,Thread Group 1-162,text,true,,313,119,29,29,http://www.w3schools.com/,465,0,98
1673546159074,5471,Homepage-1,200,OK,Thread Group 1-162,text,true,,119681,123,29,29,https://www.w3schools.com:443/,1189,0,542
1673546160110,4474,Homepage,200,OK,Thread Group 1-191,text,true,,119994,242,28,28,https://www.w3schools.com:443/,464,0,86
1673546160110,464,Homepage-0,301,Moved Permanently,Thread Group 1-191,text,true,,313,119,28,28,http://www.w3schools.com/,464,0,86
1673546160575,4009,Homepage-1,200,OK,Thread Group 1-191,text,true,,119681,123,28,28,https://www.w3schools.com:443/,1114,0,693
1673546155270,9337,Homepage,200,OK,Thread Group 1-96,text,true,,119994,242,27,27,https://www.w3schools.com:443/,464,0,86
1673546155270,464,Homepage-0,301,Moved Permanently,Thread Group 1-96,text,true,,313,119,27,27,http://www.w3schools.com/,464,0,86
1673546155736,8871,Homepage-1,200,OK,Thread Group 1-96,text,true,,119681,123,27,27,https://www.w3schools.com:443/,1335,0,567
1673546155930,8680,Homepage,200,OK,Thread Group 1-109,text,true,,119994,242,26,26,https://www.w3schools.com:443/,456,0,84
1673546155930,456,Homepage-0,301,Moved Permanently,Thread Group 1-109,text,true,,313,119,26,26,http://www.w3schools.com/,456,0,84
1673546156387,8223,Homepage-1,200,OK,Thread Group 1-109,text,true,,119681,123,26,26,https://www.w3schools.com:443/,1685,0,885
1673546156819,7857,Homepage,200,OK,Thread Group 1-127,text,true,,119994,242,25,25,https://www.w3schools.com:443/,453,0,79
1673546156819,453,Homepage-0,301,Moved Permanently,Thread Group 1-127,text,true,,313,119,25,25,http://www.w3schools.com/,453,0,79
1673546157273,7403,Homepage-1,200,OK,Thread Group 1-127,text,true,,119681,123,25,25,https://www.w3schools.com:443/,2119,0,1619
1673546158406,6391,Homepage,200,OK,Thread Group 1-158,text,true,,119994,242,24,24,https://www.w3schools.com:443/,482,0,99
1673546158406,482,Homepage-0,301,Moved Permanently,Thread Group 1-158,text,true,,313,119,24,24,http://www.w3schools.com/,482,0,99
1673546158889,5908,Homepage-1,200,OK,Thread Group 1-158,text,true,,119681,123,24,24,https://www.w3schools.com:443/,2825,0,1361
1673546155519,9297,Homepage,200,OK,Thread Group 1-101,text,true,,119994,242,23,23,https://www.w3schools.com:443/,456,0,84
1673546155519,456,Homepage-0,301,Moved Permanently,Thread Group 1-101,text,true,,313,119,23,23,http://www.w3schools.com/,456,0,84
1673546155977,8839,Homepage-1,200,OK,Thread Group 1-101,text,true,,119681,123,23,23,https://www.w3schools.com:443/,1305,0,901
1673546159444,5393,Homepage,200,OK,Thread Group 1-179,text,true,,119994,242,22,22,https://www.w3schools.com:443/,472,0,85
1673546159444,472,Homepage-0,301,Moved Permanently,Thread Group 1-179,text,true,,313,119,22,22,http://www.w3schools.com/,472,0,85
1673546159916,4921,Homepage-1,200,OK,Thread Group 1-179,text,true,,119681,123,22,22,https://www.w3schools.com:443/,611,0,179
1673546158154,6710,Homepage,200,OK,Thread Group 1-153,text,true,,119994,242,21,21,https://www.w3schools.com:443/,1796,0,1103
1673546158154,1796,Homepage-0,301,Moved Permanently,Thread Group 1-153,text,true,,313,119,21,21,http://www.w3schools.com/,1796,0,1103
1673546159951,4913,Homepage-1,200,OK,Thread Group 1-153,text,true,,119681,123,21,21,https://www.w3schools.com:443/,1559,0,1299
1673546160211,4783,Homepage,200,OK,Thread Group 1-192,text,true,,119994,242,20,20,https://www.w3schools.com:443/,463,0,86
1673546160211,463,Homepage-0,301,Moved Permanently,Thread Group 1-192,text,true,,313,119,20,20,http://www.w3schools.com/,463,0,86
1673546160674,4320,Homepage-1,200,OK,Thread Group 1-192,text,true,,119681,123,20,20,https://www.w3schools.com:443/,1140,0,204
1673546157419,7642,Homepage,200,OK,Thread Group 1-138,text,true,,119994,242,19,19,https://www.w3schools.com:443/,465,0,83
1673546157419,465,Homepage-0,301,Moved Permanently,Thread Group 1-138,text,true,,313,119,19,19,http://www.w3schools.com/,465,0,83
1673546157885,7176,Homepage-1,200,OK,Thread Group 1-138,text,true,,119681,123,19,19,https://www.w3schools.com:443/,760,0,204
1673546159714,5420,Homepage,200,OK,Thread Group 1-184,text,true,,119994,242,18,18,https://www.w3schools.com:443/,470,0,82
1673546159714,470,Homepage-0,301,Moved Permanently,Thread Group 1-184,text,true,,313,119,18,18,http://www.w3schools.com/,470,0,82
1673546160184,4950,Homepage-1,200,OK,Thread Group 1-184,text,true,,119681,123,18,18,https://www.w3schools.com:443/,3383,0,1562
1673546158271,6864,Homepage,200,OK,Thread Group 1-155,text,true,,119994,242,18,18,https://www.w3schools.com:443/,503,0,125
1673546158271,503,Homepage-0,301,Moved Permanently,Thread Group 1-155,text,true,,313,119,18,18,http://www.w3schools.com/,503,0,125
1673546158775,6360,Homepage-1,200,OK,Thread Group 1-155,text,true,,119681,123,18,18,https://www.w3schools.com:443/,2140,0,1183
1673546156127,9011,Homepage,200,OK,Thread Group 1-113,text,true,,119994,242,16,16,https://www.w3schools.com:443/,476,0,87
1673546156127,476,Homepage-0,301,Moved Permanently,Thread Group 1-113,text,true,,313,119,16,16,http://www.w3schools.com/,476,0,87
1673546156604,8534,Homepage-1,200,OK,Thread Group 1-113,text,true,,119681,123,16,16,https://www.w3schools.com:443/,2263,0,1674
1673546159544,5629,Homepage,200,OK,Thread Group 1-181,text,true,,119994,242,15,15,https://www.w3schools.com:443/,814,0,71
1673546159544,814,Homepage-0,301,Moved Permanently,Thread Group 1-181,text,true,,313,119,15,15,http://www.w3schools.com/,814,0,71
1673546160359,4814,Homepage-1,200,OK,Thread Group 1-181,text,true,,119681,123,15,15,https://www.w3schools.com:443/,2198,0,629
1673546157788,7628,Homepage,200,OK,Thread Group 1-145,text,true,,119994,242,14,14,https://www.w3schools.com:443/,471,0,94
1673546157788,472,Homepage-0,301,Moved Permanently,Thread Group 1-145,text,true,,313,119,14,14,http://www.w3schools.com/,471,0,94
1673546158260,7156,Homepage-1,200,OK,Thread Group 1-145,text,true,,119681,123,14,14,https://www.w3schools.com:443/,3217,0,898
1673546157575,7871,Homepage,200,OK,Thread Group 1-142,text,true,,119994,242,13,13,https://www.w3schools.com:443/,451,0,76
1673546157575,451,Homepage-0,301,Moved Permanently,Thread Group 1-142,text,true,,313,119,13,13,http://www.w3schools.com/,451,0,76
1673546158027,7419,Homepage-1,200,OK,Thread Group 1-142,text,true,,119681,123,13,13,https://www.w3schools.com:443/,886,0,191
1673546157268,8215,Homepage,200,OK,Thread Group 1-136,text,true,,119994,242,12,12,https://www.w3schools.com:443/,494,0,108
1673546157268,495,Homepage-0,301,Moved Permanently,Thread Group 1-136,text,true,,313,119,12,12,http://www.w3schools.com/,494,0,108
1673546157764,7719,Homepage-1,200,OK,Thread Group 1-136,text,true,,119681,123,12,12,https://www.w3schools.com:443/,958,0,185
1673546153974,11699,Homepage,200,OK,Thread Group 1-70,text,true,,119994,242,11,11,https://www.w3schools.com:443/,1472,0,1090
1673546153974,1472,Homepage-0,301,Moved Permanently,Thread Group 1-70,text,true,,313,119,11,11,http://www.w3schools.com/,1472,0,1090
1673546155447,10226,Homepage-1,200,OK,Thread Group 1-70,text,true,,119681,123,11,11,https://www.w3schools.com:443/,3309,0,280
1673546156422,9326,Homepage,200,OK,Thread Group 1-119,text,true,,119994,242,10,10,https://www.w3schools.com:443/,464,0,87
1673546156422,464,Homepage-0,301,Moved Permanently,Thread Group 1-119,text,true,,313,119,10,10,http://www.w3schools.com/,464,0,87
1673546156887,8861,Homepage-1,200,OK,Thread Group 1-119,text,true,,119681,123,10,10,https://www.w3schools.com:443/,2496,0,1197
1673546158947,6846,Homepage,200,OK,Thread Group 1-169,text,true,,119994,242,9,9,https://www.w3schools.com:443/,459,0,96
1673546158947,460,Homepage-0,301,Moved Permanently,Thread Group 1-169,text,true,,313,119,9,9,http://www.w3schools.com/,459,0,96
1673546159407,6386,Homepage-1,200,OK,Thread Group 1-169,text,true,,119681,123,9,9,https://www.w3schools.com:443/,1673,0,845
1673546158058,7756,Homepage,200,OK,Thread Group 1-151,text,true,,119994,242,8,8,https://www.w3schools.com:443/,475,0,96
1673546158058,475,Homepage-0,301,Moved Permanently,Thread Group 1-151,text,true,,313,119,8,8,http://www.w3schools.com/,475,0,96
1673546158533,7281,Homepage-1,200,OK,Thread Group 1-151,text,true,,119681,123,8,8,https://www.w3schools.com:443/,5819,0,191
1673546159884,6072,Homepage,200,OK,Thread Group 1-187,text,true,,119994,242,7,7,https://www.w3schools.com:443/,1473,0,1094
1673546159884,1473,Homepage-0,301,Moved Permanently,Thread Group 1-187,text,true,,313,119,7,7,http://www.w3schools.com/,1473,0,1094
1673546161358,4598,Homepage-1,200,OK,Thread Group 1-187,text,true,,119681,123,7,7,https://www.w3schools.com:443/,3301,0,566
1673546159096,7169,Homepage,200,OK,Thread Group 1-172,text,true,,119994,242,6,6,https://www.w3schools.com:443/,1477,0,1100
1673546159096,1477,Homepage-0,301,Moved Permanently,Thread Group 1-172,text,true,,313,119,6,6,http://www.w3schools.com/,1477,0,1100
1673546160574,5691,Homepage-1,200,OK,Thread Group 1-172,text,true,,119681,123,6,6,https://www.w3schools.com:443/,2181,0,581
1673546159594,8928,Homepage,200,OK,Thread Group 1-182,text,true,,119994,242,5,5,https://www.w3schools.com:443/,780,0,90
1673546159594,781,Homepage-0,301,Moved Permanently,Thread Group 1-182,text,true,,313,119,5,5,http://www.w3schools.com/,780,0,90
1673546160375,8147,Homepage-1,200,OK,Thread Group 1-182,text,true,,119681,123,5,5,https://www.w3schools.com:443/,3028,0,275
1673546154427,14445,Homepage,200,OK,Thread Group 1-79,text,true,,119994,242,4,4,https://www.w3schools.com:443/,664,0,84
1673546154427,664,Homepage-0,301,Moved Permanently,Thread Group 1-79,text,true,,313,119,4,4,http://www.w3schools.com/,664,0,84
1673546155091,13781,Homepage-1,200,OK,Thread Group 1-79,text,true,,119681,123,4,4,https://www.w3schools.com:443/,3769,0,587
1673546150774,21775,Homepage,200,OK,Thread Group 1-4,text,true,,119994,242,3,3,https://www.w3schools.com:443/,542,0,104
1673546150774,542,Homepage-0,301,Moved Permanently,Thread Group 1-4,text,true,,313,119,3,3,http://www.w3schools.com/,542,0,104
1673546151317,21232,Homepage-1,200,OK,Thread Group 1-4,text,true,,119681,123,3,3,https://www.w3schools.com:443/,771,0,683
1673546151264,21341,Homepage,200,OK,Thread Group 1-16,text,true,,119994,242,2,2,https://www.w3schools.com:443/,417,0,63
1673546151264,417,Homepage-0,301,Moved Permanently,Thread Group 1-16,text,true,,313,119,2,2,http://www.w3schools.com/,417,0,63
1673546151682,20923,Homepage-1,200,OK,Thread Group 1-16,text,true,,119681,123,2,2,https://www.w3schools.com:443/,400,0,315
1673546151313,21349,Homepage,200,OK,Thread Group 1-17,text,true,,119994,242,1,1,https://www.w3schools.com:443/,495,0,52
1673546151313,495,Homepage-0,301,Moved Permanently,Thread Group 1-17,text,true,,313,119,1,1,http://www.w3schools.com/,495,0,52
1673546151809,20853,Homepage-1,200,OK,Thread Group 1-17,text,true,,119681,123,1,1,https://www.w3schools.com:443/,1594,0,190
